first_name,last_name,street_address,city,postcode,id
Amanda,Miller,4302 John Skyway Apt. 650,West Victor,55311,4910
Monica,Jenkins,2794 Danielle Skyway Suite 323,West Jenniferport,91875,910
Keith,Richards,395 Lloyd Route Apt. 439,Port Ashleyville,01667,9970
Mark,Cowan,4026 Timothy Court,New Sarah,40411,8764
Amber,King,74417 Warren Ways Apt. 647,South Kelly,40440,6046
Allison,Silva,68090 Taylor Harbor,South Robertton,82971,4895
Cindy,Lewis,7553 Watkins Curve Apt. 427,Brendaport,16142,7494
Paul,Fleming,612 Michael Haven,Heathertown,27780,1672
Cynthia,Wilkerson,013 Tim Track Suite 187,North Patriciaport,65340,5842
Brian,Kaufman,0799 Bean Turnpike,North Aaron,89927,9705
Heather,Huber,56064 Colleen Mall Suite 443,New Elizabethside,15595,575
Eric,Castaneda,9497 Shannon Greens,Julieberg,16296,9229
Corey,Smith,499 Nathaniel Stravenue,East Davidtown,61382,3546
Henry,Chavez,74215 James Plaza,East Robinville,10850,9374
Tina,Williams,864 Tamara Burgs Suite 603,Bishopport,48723,2180
Eddie,Hensley,549 Ballard Summit Apt. 410,North Bradborough,52031,8002
Angela,Clark,31892 Charles Hills,Baileybury,49369,7720
Richard,Scott,97963 Vanessa Courts,New Karenfurt,43764,4688
Andrea,Martin,90526 Cooper Flat Apt. 108,Toddchester,01139,1191
Amanda,Berry,692 Roger Springs,New Ronaldshire,77483,9943
Sandy,Wiggins,4945 Ramirez Place Apt. 913,North Kristintown,19381,3528
Howard,Brown,60122 Miller Street Apt. 853,West Edwinside,60598,6985
Christopher,Caldwell,4163 Marshall Alley,Lake Davidview,49487,9127
Chad,Williams,7046 Nicole Dam Suite 942,Lake Tanya,62529,7776
Sara,Jones,59767 Ray Squares Suite 908,South Tim,91692,4600
Justin,Rivera,593 Lindsay Extensions Apt. 104,Lake Mary,95932,5639
Clayton,Rivera,43987 Michael Dam Suite 345,Kristinfurt,11528,7206
Tiffany,Carroll,91375 Charles Knolls Suite 385,Dawnview,69930,5511
Jesse,Stone,982 Nicole Isle,West Josephfurt,88879,2786
Jordan,Johns,38408 Flowers Loop Apt. 861,Bellstad,19301,7872
Joseph,Moore,7666 Pamela Junctions,North Peggyfort,99187,2872
Angela,Goodwin,5656 Sean Well,Zimmermanview,83877,3336
Samuel,Castillo,85511 Stefanie Common,Angiestad,08126,9315
Laurie,Perkins,32725 Wanda Shoals Apt. 230,Lake Joshua,39432,7188
Steven,Lang,4543 Wilson Hills Suite 807,Sarahton,05360,5473
Edward,Collins,62798 Amanda Forks,South Michelle,46109,5314
Eric,Strickland,4116 Henry Curve,West Brucechester,84534,5465
Katie,Jones,734 Kyle Grove,Leahland,60415,2715
Traci,Carter,75676 Simon Causeway,Port Mariah,28378,7342
John,Tucker,88575 Spears Greens,Medinaburgh,14251,8161
Gregory,Porter,333 Darryl Trace,Staffordberg,31632,6832
Juan,Brewer,7661 Stacey Stream,North Susanmouth,58481,1905
Alexander,Johnson,780 Shelley Light,Lawsonfort,73253,8578
Joshua,Lopez,65507 Mills Haven,Alyssaview,63947,3140
Jacob,Hoover,99276 Wade Pass Suite 105,West David,25203,6468
Victoria,Roberts,499 Alexandra Hill,Daltonton,03067,1914
Olivia,Contreras,509 Ashley Plaza,South Jennifer,92475,6516
Christopher,May,45898 Jackson Islands,Mathewborough,60118,914
William,Robinson,5531 Sarah Trace Suite 854,Port Lauraport,01541,4203
Bryan,Sullivan,6150 Kenneth Circles,South Frank,32466,1943
Beth,Baker,48797 Benjamin Estates Suite 152,Riddleview,10148,8349
Brittany,Zimmerman,19061 Elizabeth Rapids Suite 452,Victoriaborough,70936,1958
Tara,Daniels,583 Laura Road Apt. 049,South Jessica,50028,1407
Zachary,Jones,318 Murphy Course Apt. 184,South Tinaland,37867,3304
Denise,Underwood,918 Steven Rapids Apt. 953,Wilsonburgh,10490,7583
David,Blake,0140 Michael Meadows Apt. 675,Lake Jonshire,61062,184
Mason,Brown,805 Odom Port,South Melissa,52348,9523
Raymond,Thomas,003 Rivera Turnpike,Andrewton,97925,813
Katherine,Wilson,387 Lauren Run Apt. 567,North Mandy,87966,1084
Candace,Russell,98655 Jordan Prairie Suite 506,Sandraport,89089,9048
Cheryl,Murphy,6028 Maxwell Estate,Pricefort,54893,9749
Bonnie,Gutierrez,3827 Berry Island Apt. 408,East Michaeltown,42981,4841
Erin,Thompson,713 Griffith Stravenue,Port Brandontown,87776,8850
Gregory,Reilly,0651 Christopher Roads,Cindyland,59408,8258
Laura,Bowman,17374 Matthew Road,Ramirezmouth,03581,6718
Daniel,Leach,867 Danielle Groves,Jamesstad,91145,7527
Alexander,Keith,12997 Perry Turnpike Suite 101,Jessicaport,72024,7105
Ashley,Murphy,655 Troy Gardens Suite 178,South Briannaton,65704,9758
Anthony,Fitzpatrick,0142 Walter Loop Suite 655,Perezport,98311,412
Melvin,Davis,3619 Scott Ports,Rosestad,30207,6971
Keith,Schmidt,04849 Vaughan Meadow Apt. 534,North Nicholasside,69094,1169
Cheryl,Johnson,10852 Lisa Crescent Apt. 168,Port Michael,18757,2900
Michele,Hines,9446 Moore Way,Darrenside,67136,1271
Kara,Hill,985 Tyler Course Apt. 113,Aaronfurt,37764,4786
Alexis,Lee,50036 Bailey Pike,Youngborough,72963,3653
Keith,Butler,69166 Roy Plains Suite 436,West Morgan,55739,5659
Justin,Brown,9458 Ball Drives,Finleyport,94498,4594
Kimberly,Glenn,26993 Martin Lakes,Ortizmouth,58389,6535
Debra,Poole,2573 Stark Manors Suite 869,Christopherside,75248,8993
Ryan,Mason,87534 Hill Pine Suite 127,Port Karen,06705,9312
John,Andersen,89456 John Villages Apt. 222,North Kimberly,33331,4342
Aaron,Coleman,7562 Avila Flat,Danielborough,37018,3202
Lindsay,Flores,943 Ronnie Estate,Matthewton,39448,6650
Natalie,Terry,53730 David Haven,Lake Michael,63072,7391
Erin,Fitzgerald,589 Ellis Avenue Suite 689,Tammyhaven,25763,8256
Shelly,Garcia,9172 Daniel Mountains Apt. 163,West Tiffany,62782,8917
Holly,Meyers,542 Jefferson Mountains,Port Brian,81496,6201
Dakota,Flores,12269 Williams Lock,New Jeffreyside,57667,9630
Christopher,Olson,29907 Lisa Lakes Apt. 825,Mayomouth,40316,681
Antonio,Spears,512 Scott Summit Apt. 824,West Laura,14900,2243
Todd,Guerrero,846 Fox Unions,Port Rebecca,99247,8625
Austin,Robertson,8421 David Avenue Apt. 622,Davidsonmouth,66578,31
Amanda,Gomez,45200 Hinton Divide,Cummingsbury,57106,9562
Arthur,Alexander,793 Graham Neck Apt. 784,Tylerbury,48940,8092
Melinda,Bell,1015 Alexander Tunnel Suite 373,Jenniferfort,45703,3851
Virginia,Mccann,87670 Brown Squares,South Craig,28990,5796
Eric,Miller,18927 Brooks Flat Apt. 898,Lake Samuel,44601,542
Jason,Shea,97826 Rachel Trail,Port Danielle,51030,6834
Melissa,Brown,4736 Owen Shoal Suite 086,Lake Gary,41820,4699
William,Short,1835 Cynthia Via Suite 392,Lake Timothyport,70578,3384
Christopher,Duncan,041 Morris Lakes,East Rebecca,06496,6312
Daniel,Brown,0890 Mary Turnpike Suite 358,Jimenezburgh,81501,5769
Elizabeth,Wilson,79975 Stephenson Ridges,Knightborough,16454,7361
Johnny,Zamora,14080 Angela Islands,Garyport,12927,6583
Sandra,Ruiz,3236 Anthony Mission,Porterstad,85757,6754
Ashley,Cooper,08766 Williams Summit,Burchbury,90618,3702
Kirk,Smith,10163 Jessica Harbors Suite 082,East Jenniferton,22913,2075
Brett,Holmes,659 Mary Stravenue,North Kristinabury,22619,1570
James,Ware,809 Paul Overpass,Johnport,02646,5170
Brandy,Hill,1529 Cynthia Trail,New Michelleside,54418,4349
Melissa,Huffman,01129 Nielsen Manor Apt. 688,Walkerberg,77937,6413
Carmen,Jimenez,503 Laura Mountains Apt. 546,South Jamesside,25022,2895
Rhonda,Buchanan,6949 Zachary Spurs,Shaneshire,90388,1004
Kevin,Palmer,83061 Atkins Station,Jeffreyshire,07130,6626
Elizabeth,Reid,1689 Brown Motorway,Port Steventown,92707,4648
Kirsten,Morrow,14940 Sloan Shoal Apt. 071,Robertfort,62679,7063
Randall,Ramirez,182 Tonya River,Jessicamouth,82801,4482
Antonio,Edwards,2116 Hart Stravenue,Scottstad,97327,1986
Michelle,Walker,1482 Nicholas Fields,Dalechester,09789,8097
John,Calhoun,19065 Kenneth Pass Apt. 110,North Louis,93490,4538
Rebecca,Garcia,0693 Deborah Spring Suite 122,New David,38061,9791
Karen,Clark,2797 Timothy Rest,South Jasmine,24504,4058
Jacqueline,Davis,2706 Xavier Road Apt. 720,Maryland,29092,3884
Claire,Brown,90986 Rachel Bypass,West April,23028,6298
Destiny,Ferguson,940 Anderson Burgs Apt. 184,New Gabrielbury,57952,7511
Richard,Morrow,28277 Jody Estate Suite 817,Phillipview,55476,5034
Zachary,Taylor,98380 William Path Apt. 064,Millston,60822,2354
Cindy,Green,206 Matthew Green,East Scott,84181,4486
Gregory,Rogers,93888 Jimenez Roads,Paulaberg,90482,8815
David,Acosta,6283 Kristy Highway Suite 956,Cruzport,12874,6133
Shelby,Liu,743 Stacy Via,North Elizabethmouth,82374,1660
Mary,Gross,046 Juan Circles Apt. 092,South Daniel,91806,2902
Leslie,Williams,6436 Thomas Coves Suite 502,East Shaneton,62411,2420
Bryan,Thomas,4123 Bradley Unions Apt. 747,Lake Brianside,13966,2708
Joshua,Daniel,4015 Richard Meadow,Peterston,08960,3262
Joe,Williams,9817 Bauer Alley,Port Markberg,04741,6178
Rachel,Gutierrez,1439 Greene Island Apt. 961,Anthonychester,70303,1354
Linda,Friedman,3695 Tran Mountains Apt. 538,Josehaven,22278,4012
Haley,Nixon,4263 Hahn Port,New Christinaview,26362,6346
Tracy,Smith,584 Wilson Falls,New Nicholechester,32615,4715
Douglas,Stephens,129 Steven Station Apt. 968,West Andreamouth,11191,4710
Lance,Horton,206 Robinson Knoll Apt. 106,Donaldfort,83005,2296
Ronald,Richardson,2926 Rebecca Pine Apt. 119,Garciastad,73247,7290
Jacob,Lyons,713 Tommy Haven,East Anne,75183,6366
Wendy,Torres,31300 Patrick Islands Suite 706,East Richard,69588,3112
Howard,Serrano,756 Williams Meadow,North Rebecca,77040,5116
Zachary,Lopez,3341 Mark Place Suite 775,Michaelfurt,68370,3025
Michael,Larson,090 Nichols Valley Suite 019,Rayport,50329,5369
Olivia,Alvarado,68205 Becker Vista,Jacobtown,79572,7717
Sara,Huffman,11140 Anderson Fork Suite 362,Hansonville,86430,4360
Jason,Fischer,2380 Angela Union,Lake Chad,76791,8105
Jeffrey,Lowery,752 Mark Ways Suite 070,South Johnburgh,04191,9916
David,Martinez,9928 Smith Forge,Moorechester,94726,1846
Levi,Singh,075 Cruz Courts Suite 471,Arthurfurt,06052,1783
Isaac,Rodriguez,977 Rodriguez Falls Apt. 514,West Victorborough,01209,1268
Matthew,Hodge,019 Dustin Common,West Gina,05858,9505
Susan,Hill,29900 Perez Key Suite 811,North Stacyland,10303,7431
Erika,Randall,13920 Sarah Harbors Suite 148,Kathleenburgh,48986,8937
Chelsea,Barnett,875 Jonathan Flat Apt. 636,Leestad,18336,4730
Stephen,Patterson,994 John Spring Apt. 421,Kylefurt,84845,346
Kendra,Dodson,468 Holly Mews Apt. 489,Edwardsmouth,66693,2662
Julie,Anderson,74971 Long Trace,North Seanfort,74451,4929
Sherry,Hinton,634 Edwards Squares Suite 743,North Melissastad,86939,4402
James,Barker,6491 White Plaza Suite 530,Michaelburgh,10413,399
Ann,Murray,8474 Amanda Path,Payneburgh,06482,5667
Kyle,Fitzgerald,616 Rivera Common Apt. 585,Nicholsonfort,22553,1241
Angela,Martinez,800 Matthew Forest Suite 084,Philipside,57084,7614
Edwin,Hicks,160 Anna Cape Suite 935,Mercadofurt,27099,8953
Sharon,Hawkins,73135 Kim Brook Suite 866,West Deniseborough,92705,787
Heather,Sloan,041 Hunter Trail Apt. 171,New Dawnmouth,86014,5794
Kristen,Wang,8201 Mary Courts,Goodmanfurt,59301,8079
Anthony,Shelton,35093 French Pass Suite 022,Christineport,23716,845
James,Brown,60475 Turner Spurs,Leeton,16671,9812
Alicia,Rivera,05718 Patton Tunnel Suite 637,New Tina,49485,2680
Taylor,Lucas,33724 Taylor Mountain Apt. 002,East Nancyton,03998,9335
Deborah,Taylor,5551 Kim Streets,Sandrahaven,97051,8418
Paul,Jordan,22237 Montgomery Parkways,Silvamouth,31691,6118
Edward,Vazquez,812 Carolyn Rapids,North Nicholasburgh,67697,2048
Kenneth,Morris,78239 Michelle Forges,Taylorbury,54423,8013
Lisa,Phillips,92688 Morrison Corners,West Thomas,27629,584
Christina,Sandoval,5202 Ray Road,Lake Brandon,04498,965
Cynthia,Massey,00785 Irwin Estate Suite 234,Lewisbury,33040,1337
Brianna,Durham,34145 Cooper Springs Apt. 666,Dakotaview,87235,6625
Morgan,Ray,8734 Brooke Divide,Sandraville,60810,5698
Emma,Rivas,811 Kevin Skyway,Doughertyfort,45369,4838
Angela,Escobar,04221 John Union,Lake Lauren,17282,6436
Christine,Warren,120 Richardson Prairie,Port Wandafort,22999,7091
Megan,Wagner,7254 Nancy Fall Apt. 908,Pierceberg,54728,9147
Kelly,Roman,1100 Lozano Valley,East Amandaview,97449,7322
Arthur,David,453 Montoya Pike,Sharpborough,40463,4164
Holly,Lopez,67842 Frost Passage,Blevinston,09063,3228
Joshua,Reynolds,083 Vickie Union Apt. 916,Zacharyshire,29986,452
Gabriel,Reyes,77975 Acevedo Way Apt. 185,Nataliehaven,08724,5431
Dylan,Hart,2253 Gallagher Haven,Jamesfort,33119,8699
Rickey,Hayden,600 Stephen Motorway Apt. 907,South Charles,17815,7908
Margaret,Best,691 Smith Trail Suite 011,Stevenfurt,25862,5929
Shannon,Garcia,22301 Alexander Rest Apt. 888,East Benjaminborough,02613,1764
Tracy,Rodriguez,90160 Trevor Mill,West Scottville,38373,8014
Willie,Miller,6170 Howell Burg,Clarkborough,38752,1002
Anna,Erickson,0531 Steven Fords,Michellemouth,36033,6990
Kathleen,Marshall,02755 Jensen Expressway Suite 122,Morganside,16992,3031
Melissa,Ali,77118 Smith Summit,North Edwardfort,16904,7493
Dawn,Douglas,4269 Martinez Club Apt. 670,North Darlene,86564,3165
Michael,Lopez,13010 Evans Valleys,Carolinetown,99299,5469
Stacey,Guzman,757 Anthony Track Apt. 384,Averyport,33949,3032
Sarah,Myers,00208 George Mills,Hamiltonton,13806,6373
Ashley,Simpson,6204 Clark Branch,Woodmouth,44410,6676
Jordan,Frazier,3449 Rollins Mills Suite 372,South Jennifermouth,80038,3207
Wanda,Cooley,4960 Ryan Street,Johnsonmouth,03924,1619
Mario,Oneill,4798 Christopher Keys,Nunezchester,52991,8766
Bryce,Miller,8232 Robert Streets,East Daniel,43647,345
Tara,Hanson,60292 Wilson Mountains,Carolinechester,38517,4435
Dean,Williams,024 Jones Gateway Apt. 178,Lake Mary,72809,4932
Michelle,Le,019 Kimberly Course Apt. 453,Robertfort,30959,9150
Jason,Lee,486 Bridget Curve,Katiechester,56051,4306
Kayla,Lopez,74351 Wallace Brook,Smithville,91974,9963
Samantha,Robinson,7103 Davis Mission,Kaylahaven,85676,5400
Sonya,White,114 Rodgers Club,Floresbury,85651,8152
Alex,Edwards,35250 Brown Greens,Shawbury,55918,929
Tammy,Kidd,7734 Torres Mission,Zimmermanport,72771,2160
Lisa,Frazier,4774 Wilson Ranch Apt. 501,East Scott,38143,975
Lori,Wright,061 Sarah Island,New Jamesfurt,79755,4294
Linda,Pugh,867 Garza Flats Apt. 828,West Davidhaven,23914,2526
Wanda,Brown,4128 Kristine Loop,New Linda,45472,2198
Kathryn,Johnson,93897 Caleb Center,Homouth,24792,1797
Samuel,Watson,8271 Hicks Fall Suite 267,Berryside,49727,6909
Mary,Macias,323 Wells Ramp,Cynthiashire,73878,3510
David,Porter,20967 Kevin Rest Apt. 728,East John,84835,4456
Maria,Shepherd,5433 Jerome Wells Apt. 152,West Gregory,94506,775
James,Irwin,362 Lorraine Point Suite 155,Michaelshire,53626,2507
Loretta,Solis,0619 Ryan Courts,Robinsonhaven,23425,4885
Adam,Banks,0130 Rodriguez Square,Robertaberg,25810,8410
Steven,Smith,516 Peck Locks Apt. 257,West Nicole,57609,3752
Edward,Francis,00185 Francis Crossing,Clarkhaven,91332,425
Kayla,Mcdowell,16444 West Motorway,Rhondatown,92500,2455
Sharon,Nguyen,743 Jonathan Knoll Apt. 600,Thomasshire,17444,1011
Nathan,James,146 Robert Isle,Hillville,99600,3880
Taylor,Lawrence,80702 Chang Haven,North Jeremy,99322,5200
Lindsey,Gillespie,632 Wallace Corners,Melissamouth,30385,7638
Courtney,Johnson,052 Robert Bridge Suite 893,Mandyberg,25801,588
Eric,Ray,59628 Meredith Wells,South Danielleberg,91647,8732
Edward,Wolf,989 Horton Route,Lake Kimberly,35382,6740
Geoffrey,Pace,12785 Lisa Creek Suite 589,East Brittney,93880,3303
Joshua,Lopez,0256 Johnson Trail Apt. 121,Anitaview,72531,9631
Gary,Parsons,775 Brooks Junctions,New Nicole,66926,1227
Meagan,Wu,2433 Schmidt Neck Apt. 677,Ryanmouth,28043,8718
John,Molina,26661 Clark Dam Apt. 959,North Lauraburgh,01123,4413
Thomas,Scott,4700 Meghan Causeway,Port Richard,16548,7578
Becky,Woods,37733 Suzanne Station Apt. 042,North Jacobshire,14468,8231
Patricia,Vazquez,737 Lucas Shoal Apt. 835,Joneshaven,87933,7827
Julia,Graham,477 Parker Ranch,Ashleychester,54696,6810
John,Smith,1556 Golden Union,Smithfort,02070,8300
David,Smith,931 Lisa Prairie,Stephaniefort,09653,9698
Andrew,Castro,74691 Jordan Mountains,West Leahstad,26660,8834
Jessica,Duncan,0288 Luis Fields Apt. 957,East Tiffanyshire,76501,9606
Joseph,Sanchez,260 Stephanie Vista,South Anna,26891,3053
Brenda,Henry,41570 Norton Walks Suite 987,Duartetown,13591,1470
Tony,Ramirez,710 Justin Forest,North Coltonport,23138,6511
Joel,Fox,8402 James Extension Suite 811,Taylorchester,61507,8237
Leslie,Hill,391 Wolf Land Apt. 184,Smithborough,33409,8241
Amanda,Atkinson,35104 Brown Roads Suite 113,Meyertown,46080,4937
Matthew,Scott,9223 Zachary Coves,Bautistaville,79811,1666
Curtis,Deleon,723 Alexandra Prairie,Dennisberg,90304,8373
Katie,Hardin,686 Stewart Underpass Suite 779,Lake Penny,47906,2552
Robert,Johnson,5032 King Summit Apt. 427,Alexandrachester,51546,7201
Deborah,Fleming,2968 Riley Place,Nunezhaven,05435,7453
Nicholas,Arnold,2004 Walker Knolls Apt. 827,Taylorborough,74130,1850
Michael,Ayala,33385 Gardner Mount Apt. 885,Monicamouth,16720,7713
Tammy,Armstrong,746 Miller Mall Suite 839,North Brandon,58349,1262
Sara,Clark,04606 Miller Mountain,North James,79482,4231
Stephanie,Collier,63766 Amanda Pines Suite 644,Patriciabury,66116,2378
Robert,Wood,45463 Edwards Lakes,Hamiltonville,83192,3971
Michael,Rodriguez,80850 Rebecca View Suite 451,Debraburgh,42822,9985
Jasmine,Butler,7545 Lisa Rue,New Tonymouth,07463,6841
Cindy,Hall,0736 Sarah Glens Suite 368,New Kristi,78378,6957
Vanessa,Graham,22414 Rose Forest,North Amyland,89548,3312
William,Morrow,811 Kim Passage,West Josefort,66384,3276
Kenneth,Price,3690 Blair Crossing,Port Heather,78554,6442
Heather,Roman,117 Newman Lakes,East Steven,76561,5295
Jimmy,Dominguez,96963 Timothy Station,Alextown,15903,1584
Michael,Cruz,0723 Drew Way,South Bradley,21350,8760
Julie,Kim,456 Beck Burg Apt. 452,Millerfurt,05071,5603
Linda,Mason,59472 Mckinney Cliffs Suite 700,Stephaniechester,30663,2148
Keith,Davis,01688 Crystal Springs Suite 203,Port Jacob,78210,8419
David,Ortega,7596 Teresa Orchard,South Kenneth,70827,2983
Wendy,Stewart,067 Caitlin Divide Suite 630,East Brittney,96653,9410
Taylor,Wolf,708 Brooke Stream Suite 571,Lawrenceshire,29942,1964
Jennifer,Yates,512 Ashley Garden Apt. 167,Lake Lucasburgh,34917,5620
Jeffrey,Welch,5439 Anthony Stravenue,Perryhaven,97538,9380
Patricia,Gibson,6657 Tiffany Mills,Jennifermouth,14315,4592
Daniel,Hernandez,0895 Benjamin Highway Suite 263,Jacobsville,13419,3355
Shane,Knight,1838 Hill Port,Port Vanessa,02316,1483
Stephanie,Green,9788 Flores Extensions Suite 587,Torreston,95406,6203
Catherine,Ball,2736 Brian Fort Suite 705,South Ethan,20639,4846
Susan,Lopez,29013 Michael Cliff,New Tony,47264,4918
John,Perez,79412 Eileen Greens,South Erin,64633,8914
Kathleen,Carr,5577 Angela Manor,Armstrongfort,06410,8775
Norma,Wagner,65289 Sydney Village,Michaelmouth,53543,8242
Louis,Washington,2071 Laura Lights,West Ashley,44745,4797
Johnathan,Ortiz,5013 Richard Dam,New Stephanietown,27317,9071
Joseph,Gross,035 Baker Trail Apt. 602,North Troyport,65490,2726
Erin,Perez,80882 Carrillo Wells Suite 337,Cindymouth,97872,6444
Eric,Dawson,65416 Christopher Flat,South Marciamouth,02307,1365
Alejandro,Jones,04090 Chad Flats,East Tyler,71689,7041
Adam,Morgan,83095 Blake Crossroad,West Dianaside,46437,5416
Cynthia,French,107 Garrett Lights,Johnborough,99919,5072
Nathan,Lopez,43022 Strickland Manors Suite 212,Higginsview,04255,6800
Catherine,Thompson,5702 Phillip Ridge,South Stephanieside,42089,3823
Cindy,Joseph,407 Sharon Harbors Apt. 688,New Melindamouth,86723,8927
Norma,Evans,63700 Ryan Canyon Apt. 002,South Briantown,33137,29
Joshua,Gardner,9077 Trevor Track Apt. 620,Brewerton,78387,556
Rachel,Lutz,89175 Erin Court Suite 778,Port Christinestad,20884,4723
Kristy,Osborne,1968 Bryan Mountain,Port Rick,85466,4449
Lisa,Robinson,173 Lee Locks Apt. 994,South Evelynhaven,52099,4930
David,Haas,890 Anderson Loop,North Stephaniefurt,45912,5944
Lori,Dickerson,42667 Flores Views,East Debbie,07719,1992
Tamara,Hughes,01628 Jesse Harbors,Marystad,31990,2789
Gregory,Lopez,2432 Rivera Cliffs Suite 144,Mooreburgh,69478,7688
Melissa,Clark,7024 Castro Mall,South Thomasport,94119,2234
Susan,Brady,3232 Tran Shoal,Gutierrezstad,10407,4980
Deborah,Gonzalez,455 Burgess Fords Apt. 007,Paulland,03962,3189
Adam,Clark,83738 Butler Flats,East Glennstad,76553,1976
David,Sanders,76471 Charles Alley Suite 188,Jacobville,14694,3634
Bradley,Padilla,6309 Campbell Lights Apt. 944,Castilloton,08249,7408
Samantha,Cole,33225 Brittany Forges Apt. 959,South Patrick,47065,8054
Matthew,Young,19760 Anthony Ville Suite 084,East Williamshire,41244,4960
Janice,Wilson,627 Michelle Cape Suite 888,South Fernandoland,45505,6672
Hailey,Sandoval,5888 Hernandez Prairie Suite 055,West Glenn,85783,5046
Heather,Gibbs,78961 Williams Loaf,Shannonview,91495,7192
Anthony,Brown,469 Thompson Brook Suite 624,Daviesport,98043,8981
Barry,Krueger,42837 Kelly Walk,Markbury,54958,3493
Jennifer,Munoz,9570 Long Mews Suite 470,Dustinstad,45391,7563
Lynn,Aguilar,3645 Brenda Camp,New Maryfurt,35054,1034
Catherine,Watson,035 Torres Ports,North Jonathan,37588,2080
Jessica,Wagner,4675 Melissa Loaf,Lake Charles,25044,6613
Jeffrey,Curtis,906 Stephanie Forest Suite 453,South Dianahaven,01820,2582
Cynthia,Johnston,43904 Burch Hill,Lake Brandontown,12775,1756
Rebecca,Mahoney,9648 York Spur Apt. 319,West Jordanfurt,98342,4927
Noah,Mitchell,166 Nicholas Turnpike,Burnshaven,35343,9614
Gregory,Fox,6036 Jocelyn Dam,Frankville,11087,2373
Stephanie,Bird,22830 Dixon Row,Mendozaborough,35082,5782
Dustin,Kirby,82709 April Loaf,East Markberg,01266,4281
Barbara,Santos,530 Jacob Brooks,Jenniferfurt,77303,6549
Jordan,Gay,329 Hobbs Harbors Suite 451,West Dominiquehaven,71686,4041
Samuel,Kirk,26398 Michael Wells,Leonardville,53371,3586
Vanessa,Garcia,719 Amanda Hills,North Courtneyburgh,62127,3515
Tanya,Wagner,317 Carlos Park,Shortbury,29073,4559
Gina,Hernandez,39404 Hunt Crossroad,Port Andreamouth,11754,9660
Monica,Hill,02926 Laura Roads,Lake Gregory,92602,4595
Michael,Gardner,6355 Kyle Spur,Dunnfurt,76831,8301
Tina,Schmidt,2522 Ryan Motorway,West Brandon,69880,4865
Adam,Jenkins,16354 Gonzalez Fort Suite 076,North Leahburgh,57862,4244
Cody,Richards,4610 Franklin Corner Apt. 642,Flynnfort,94881,3141
Paul,Wright,025 Fox Mountains,Matthewfort,15791,5502
Michael,Dominguez,17506 Phillips Flats Suite 866,South Michael,98366,6749
Jacob,Martinez,409 Rhonda Points Suite 658,North Lauren,31676,4549
Brittany,Ferguson,616 Jesse Street Suite 838,South Robertochester,98323,5192
Adam,Daniels,082 Michelle Isle,East Christopher,19300,815
Rachel,Melton,597 Harris Expressway,Johnton,69110,4297
Austin,Nichols,85631 Lori Extensions,East Jacob,89731,6801
Phillip,Macias,850 Bartlett Mountain Suite 991,East Sharonside,72454,3233
Michael,Phillips,37868 Willis Ferry,Mccarthyhaven,19616,8265
Jennifer,Terrell,72367 Weaver Divide,South Robin,01893,1745
Robert,Watson,66808 Stephanie Isle Apt. 336,Catherinefurt,43603,2360
Danielle,Klein,26723 Heather Trail,New Taylorburgh,93405,2488
Christopher,Collins,47078 Jackson Fork,Stephentown,97102,7765
Tyler,Nicholson,388 Santiago Land,Bishopbury,63260,8790
Christine,Brady,272 Coleman Crest,Adamsmouth,73642,276
John,Lee,30810 Hammond Ferry Suite 473,New Douglas,92410,5211
Michael,Hernandez,850 Bishop Oval Suite 991,Tamaraland,87354,9515
Matthew,Chapman,65222 Jared Groves Suite 225,Seanstad,57534,1819
David,Wright,98701 Katherine Ramp,North Amandaberg,94114,867
Rebecca,Mitchell,73155 Pittman Crescent Suite 017,Lake Joanside,65455,387
David,Oneill,985 Smith Road,North Crystal,96971,3673
Lisa,Lee,228 Myers Mountains Suite 721,Burnsport,19840,8260
Ashley,Brown,8576 Jennifer Bypass,Aliciamouth,89355,9554
Kimberly,Smith,6266 Lisa Bypass Apt. 746,East Ryanshire,40276,2559
William,Salazar,221 Williams Trail Suite 150,Travismouth,02510,1489
Bryan,Hill,201 Trevino Loop Suite 325,Dianebury,48436,6733
Connor,Gonzalez,81722 Sheena Roads,West Russell,54567,2173
Alexis,Jones,613 Lam Street Apt. 434,Janeview,40823,4491
Karen,Wilson,823 Romero Parkways Suite 111,North Brian,40666,3557
Holly,Woods,97097 Jennifer Haven Suite 252,Castillofort,09255,6784
Logan,Joyce,28829 Salazar Stravenue,Port Vanessaville,71334,8591
Jerry,Taylor,396 Austin Locks Apt. 746,Martinezmouth,73366,414
Kyle,Valencia,43941 Alan Islands,New Lisa,48595,1051
Annette,Myers,8063 Robinson Coves,Keithfort,89107,7107
Jon,Turner,62586 Harris Glen Apt. 917,Port Davidshire,65242,7357
Michael,Thompson,1463 Ashley Well Apt. 694,Juliemouth,07769,9496
Richard,Greene,80493 Douglas Mountains Apt. 132,Woodschester,45095,5152
Michael,Werner,0433 Victoria Pines Apt. 045,Jeffreyfort,38326,959
Christy,Jensen,71397 Edward Manor,Shannonchester,80161,3318
William,Sanders,020 Roman Loaf,Rochaberg,44163,5096
Troy,Edwards,3834 Mark Prairie Apt. 535,Michellehaven,43893,4643
Jennifer,Mullen,92723 Chen Road Suite 790,Deleonville,04547,2364
Cynthia,Jones,601 Kelly Dale,Aprilfurt,12984,7855
Michael,Russell,81684 Natalie Harbor,Parkstown,61946,2941
Katherine,Cardenas,5499 Stephen Lakes,Jenniferberg,29755,8008
William,Johnston,356 Smith Stravenue,Lesliebury,60448,8589
Steven,Velasquez,560 Eric Shoals Suite 155,West Robertshire,18527,275
Jordan,Garcia,2258 Leach Plains,Samanthaville,78173,1463
Christopher,Anderson,920 Ballard Divide,Amandaton,36247,2088
Roger,Mitchell,988 William Tunnel,Kevinburgh,26967,2616
Jenny,Santiago,1936 Martin Mill,New Amberton,57465,6096
Joseph,Schultz,2237 Derek Forge Suite 029,Port Erinburgh,88916,1845
Timothy,Owens,45372 Allen Mountain Suite 253,Ronaldfurt,41139,9031
Jake,Lopez,4847 Young Squares,Millsburgh,55283,8223
Alexis,White,0750 Colleen Groves Apt. 320,Nicholasmouth,34094,2901
Zachary,Pope,9186 Aaron Cliff Apt. 948,North Jeffreyport,87445,121
Amy,Burke,52244 Johnson Harbors,East Kylemouth,52033,2558
Gabrielle,Frye,5314 Holly Harbors Suite 513,Amyfurt,42685,9333
Christian,Peterson,2261 Donald View Suite 123,North Michael,94027,8713
Anthony,Bond,3580 Charles Radial Apt. 331,Carlfurt,52900,6809
Alexis,Bush,1822 Katherine Trail Suite 683,South Stephen,81707,6408
Eric,Carr,89931 Jason Rest Apt. 127,Port Matthewtown,54799,1707
Monica,Williams,870 Mcknight Rapid,Humphreyborough,71660,8806
Victoria,Garrett,852 Anderson Point,New Brian,14989,8592
Keith,Tran,0997 John Forest Apt. 483,Lake Samanthaside,62897,6777
Katelyn,Whitney,2300 Claire Ville Apt. 883,Randallberg,09176,3939
Timothy,Hopkins,0690 Amanda Divide,Elliottmouth,04274,3597
Amy,Lee,81564 Rebecca Bypass,Nicholasberg,13176,4722
Joseph,Aguilar,18532 Jessica Islands,Codyland,09792,8102
Jason,Ramos,7028 Woodward Pike,North Andrewmouth,43403,5627
Kathleen,Taylor,08615 Nancy Spur Suite 866,Port Robintown,75589,6713
John,Brown,201 Massey Cove Suite 419,West Matthew,67757,8753
Daniel,Jackson,8333 Bradley Parkways,Lake Stephanie,36857,8631
Tiffany,Ibarra,57347 Benjamin Shoals,East Jessicashire,39119,1923
Joanna,Clark,05012 Moore Curve Apt. 840,Shannonmouth,30165,2724
James,Miller,989 Jennifer Land,Carterview,36465,6440
Paul,Anderson,72141 Tom Stravenue,New Robertfurt,08597,8520
Steven,Pruitt,579 Alexander Wall Apt. 288,Jenniferside,05065,6256
Briana,Davis,9347 Chris Station,New Josephville,42537,661
Michael,Clements,1032 Kylie Skyway,Billystad,22527,7543
Tiffany,Quinn,9678 April Summit Suite 480,Byrdton,64760,3018
Stacey,Swanson,717 Brian Ports,Mendezbury,98954,6035
Samantha,Dominguez,58987 Benton Walks Apt. 565,Ashleyborough,02376,5565
Corey,Michael,4370 Wolf Shore Suite 425,West Mark,80306,8450
Susan,Lee,6289 Anthony Station,Garciamouth,08512,2078
Melanie,Moreno,95936 Sanders Mount Suite 463,Charleston,49656,9947
Tonya,Hamilton,9152 Craig Mill,Jessicafurt,36181,6026
Joshua,Gardner,7528 Jason Pass,Kimberlyfort,30666,6300
Kimberly,Rhodes,5091 Campbell Drive Suite 233,North Daniel,54947,220
Peter,Hill,4881 Jackson Drive Suite 722,Port Michael,49264,4755
Matthew,Cruz,49221 Jason Club,Barneston,63854,6954
Wendy,Miranda,595 Henry Mall Suite 100,Ashleyshire,81961,1504
Tonya,Hernandez,1997 Nelson Lights Suite 436,New Benjamin,95553,7029
Christopher,Mcguire,18664 Yolanda Ways,New Nicole,81849,8500
Sonya,Ward,1847 Susan Crossing Suite 474,Monicabury,19991,5748
Kathleen,Zimmerman,68797 Martinez Estate,New Stephenchester,57140,3213
Vanessa,Howard,824 Tina Mountain,Brianview,34450,5863
Morgan,Turner,49218 Martin Views Suite 821,South Nichole,54226,9504
Erika,Burke,44546 Christopher Corner,Brandonport,07492,2242
Diane,Clark,23303 Simon Walk,Michellebury,21152,8650
Danielle,Calderon,405 Castillo Causeway,North Debbieborough,14017,8271
Caleb,Lewis,9895 Gill Lodge,Lake Brian,85038,1058
Katherine,Stevenson,501 Barbara Fork,Reedmouth,88263,2932
Mark,Hunt,65332 Eric Court,East Michelle,77068,297
Barbara,Williams,047 Michael Rest,Danieltown,64931,9781
Jessica,Williams,11298 Cynthia Radial Apt. 840,South Ellenborough,48591,1040
Bryan,Buckley,158 Dustin Road Suite 673,East Ginatown,19701,2917
Kevin,Johnson,77333 Joseph Crescent,Juliefurt,20069,7956
Kyle,Diaz,7534 Walters Fork,Holmesmouth,97210,9657
Rebecca,Levy,40746 Stephen Glens,North Vanessaview,63725,2491
Jesse,Callahan,560 Hooper Mill,East David,71287,3462
Ryan,Miller,248 Lewis Manors Apt. 400,Stricklandbury,12102,2359
Courtney,Barton,897 Tammy Square Suite 837,Travisborough,47411,148
Roger,Ray,28960 Tracy Estates Suite 214,Boyerville,69484,8872
Sabrina,Ward,348 Charles Flats Apt. 100,Lake Billy,50716,8839
Harry,Rodriguez,968 Martinez Forges,New Robin,33785,4732
Matthew,Flores,240 Gavin Bridge,New Christopher,37383,1171
Randy,Valentine,549 Alejandro Vista,Mendezport,80801,5520
Kristen,Owen,22174 Melendez Mountain Apt. 889,South Jennifer,02217,4542
Phillip,Davis,38804 Reyes Parkway Suite 063,Cruzbury,49418,3598
Dean,Moreno,95155 Campbell Crossing,Reneebury,93791,8701
Cheryl,Shields,68135 Eric Forges Suite 481,New Harold,71127,9675
Derek,Moss,728 Catherine Curve,South Justin,23980,6618
John,Navarro,870 Melissa Loaf,Durhamton,27646,3859
Linda,Cummings,8516 Chung Gardens Apt. 774,Julieshire,52699,8369
Melinda,Hays,8489 Quinn Stream,South Davidport,11453,1094
Sylvia,Thomas,7599 Jones Green,Christyshire,08285,8038
Geoffrey,Ray,28512 Hunt Wells,East Reginaldberg,15931,2416
Joshua,Owens,06350 Myers Greens,Waltersland,84354,9643
Megan,Washington,87661 Alexander Ridges Apt. 781,Ambermouth,64053,9475
Jeffrey,Vaughn,345 Abigail Brook Suite 030,Melaniefurt,76239,6085
Elizabeth,Lee,8190 Madison Way,South Sheena,20758,9414
James,Tucker,1676 Skinner Corner Apt. 090,North Bethany,43917,2434
Debbie,Vance,96448 Washington Mews,South Garrettstad,54869,9772
Katherine,Harrison,57018 Thomas Drive Suite 941,Anaside,77888,4397
Dana,Dunn,87895 Cain Glen,Wrightville,12261,5581
Jennifer,Ramos,6844 Mark Shoal,East Jonathan,92970,2965
Russell,Santiago,32678 Green Haven Suite 486,East Toddshire,77694,4674
Kurt,Phillips,0794 Gross River,West William,13012,254
Janet,Maxwell,098 Leslie Canyon,New Dennis,86424,8509
Howard,Jones,6717 Carroll Rapid Apt. 225,Westburgh,67983,4766
Nathan,Romero,329 Ronnie Crest Apt. 002,North Jadeview,67105,2770
Phillip,Miller,39231 Adams Drives,Valenciachester,43930,8116
Derek,Ball,5992 Kimberly Inlet,New Nicolebury,04590,116
Jill,Ward,9598 Castro Summit,Fordhaven,66901,2955
Christopher,Stevens,4673 Melissa Way Suite 105,Lake Jacob,83358,1024
Lisa,Gonzalez,55346 Conner Cove,Melissaburgh,89044,3430
Vicki,Roberts,721 Samantha Plain Suite 942,South Kara,71676,5154
Jennifer,Hayes,52399 Rivers Street,Wiseberg,45132,2656
Sonya,Porter,4136 Mcguire Falls Suite 272,Port Rebecca,66842,9210
Gina,Green,39296 Ware Ferry Suite 175,East Jonathanhaven,67950,4081
Christine,Salazar,439 Lopez Prairie Suite 207,West Cheryl,67196,6216
Lisa,Phillips,58831 Farmer Prairie Apt. 916,Rebeccaburgh,45291,3229
Daniel,Bryant,7218 Moody Trail,West Stevenburgh,90251,3220
Darryl,Stewart,635 Bailey Ranch,Ortizbury,14938,835
Jeremy,Schmitt,586 Monroe Islands,Thomasstad,48942,9542
James,Wheeler,6902 Oliver Groves,Josefort,21397,3158
Brian,Saunders,831 Moore Way Suite 256,Lake Daisyberg,04564,3080
James,Hughes,9520 Macdonald Expressway Apt. 481,North Steven,45140,9531
Sean,Shea,12932 Jacqueline Corner,Brittanyhaven,27292,1872
Dawn,Lawson,57524 Gina Roads Suite 403,West Paula,74996,2739
Donna,Nelson,2551 Christopher Islands Suite 995,South Davidtown,57931,9338
Ryan,Salinas,9113 Clark Mountains,Taylorfurt,90635,5976
Dillon,Morrison,76809 Mary Crescent,New Vanessa,84642,4467
Rebecca,Morales,7451 Buchanan Manor,Garrettburgh,98635,9408
Michael,Torres,3751 Joshua Branch,West Paula,98733,2673
Jose,Rogers,50858 Salinas Tunnel Suite 869,West Barbara,66237,4683
Tyler,Whitney,866 Susan Rue,Coxfurt,37352,449
Julia,Jones,68301 Daniel Vista Apt. 550,Michaelmouth,88232,1282
Donald,Smith,409 Carol Hollow,Marshallmouth,69393,7115
Richard,Brown,50642 Fowler Crossing,Jasonport,85762,2761
Peter,Hawkins,438 Burns Shores,Kaylaside,96082,926
Emily,Fox,18459 Adam Walks Suite 261,Houseside,87762,2070
Sean,Jones,8244 Corey Wells,Gilmoreborough,07724,7073
Michael,Taylor,43523 Escobar Mission,Isabellachester,43778,3656
Kimberly,Long,1136 Mcmillan Throughway,Brownshire,73536,9220
Emily,Quinn,025 Jones Union,New Crystal,23106,2569
Cynthia,Rogers,876 Williams Path Suite 907,Jamiebury,64108,3379
Yolanda,Sanchez,00949 Bray Hollow,Jenniferchester,54532,1394
Jillian,Walker,672 Kimberly Crossroad Suite 096,New David,39770,891
Samuel,Greene,5495 Mosley Inlet,New Carriestad,06759,1925
Shane,Carpenter,9830 William Forge Apt. 686,Mcfarlandland,41384,318
Marissa,Kelly,2198 Jennifer Viaduct Suite 993,North Angelaburgh,60242,5079
Michelle,Reynolds,109 Stephanie Islands,Lake Debbie,49424,8947
Jason,Pratt,8241 Ferguson Gardens,West Jim,69764,3675
Scott,Sanders,741 Horton Plain Suite 656,North Alexa,56456,2602
Crystal,Williams,5555 Brittney Via,Nicoletown,77525,4951
Tyler,Salinas,3940 Lee Forest Suite 145,South Samuel,55023,446
Lauren,Nixon,999 Cynthia Throughway Apt. 437,New Anthonyberg,01731,7023
Susan,Gonzalez,5284 Michael Cape,Sherifurt,01099,7006
Brian,Johnson,53009 Bowman Manors,North Alexandra,32050,1430
Daniel,Jimenez,81800 Cody Oval Apt. 548,East Mercedesborough,56933,159
Melissa,Day,274 Jennifer Shoal Apt. 346,East Phillip,87336,1339
Ryan,Morris,8219 Lisa Orchard,East Brookeshire,86714,3814
Mario,Schwartz,956 Steven Lights,Johnburgh,34546,3350
Madison,Braun,95840 Lydia Run Apt. 272,New Toddport,33298,6114
David,Hall,559 Rhodes Courts,Phillipshaven,77049,7329
Arthur,King,60731 Michael Orchard Suite 645,South Sherryfort,28386,3078
Anthony,Murphy,57359 Sarah Curve Apt. 170,East Kimberly,31387,4308
Charles,Dickerson,2585 Graham Prairie Suite 983,South William,27358,9708
Nancy,Fleming,84285 Gary Vista,Christophertown,61699,40
Shane,Torres,369 John Passage,Taylorchester,69147,3487
Jacqueline,Kelly,765 Jones Brook,Port Alexanderstad,84464,2697
Melissa,Mcclain,98809 Lauren Burgs,Joneston,75941,6138
Jack,Rice,0407 Erin Islands,New Lindseytown,14642,6478
Jason,Lewis,064 Coleman Trace,Port Timothystad,96360,4660
Robert,Knapp,24532 Cruz Parkway Suite 790,Marcuschester,50239,5740
Gabrielle,Henson,650 Snyder Meadows Suite 132,West Chadview,02075,3426
Carolyn,Stein,861 Little Place,Maryside,46759,961
Adam,Ayala,79764 Jones Views Suite 514,Kaylafort,81658,7187
Randy,Lawrence,797 Jill Track Suite 017,Brandonstad,18652,2916
Steven,Mendoza,364 Allen Trail,Sextonside,20059,8521
Victoria,Newman,895 Taylor Ramp,Annetteland,88009,3755
Debra,Moore,8646 Clark Ways,New Brandonfurt,65520,8802
Jennifer,Baker,0624 Jimmy Brook,Andreachester,67630,3831
David,Smith,2755 Amy Row Suite 771,Joshuaview,86656,8666
Patrick,Valencia,33205 Mary Roads,Karlberg,93646,1063
Lance,Kaufman,1098 Daniel Plain,Jacksonport,27748,5107
Sara,Clark,93756 Larson Road,West James,00945,539
Thomas,Johnson,35241 Dixon Trafficway Suite 950,Port Dustinborough,85344,7066
Michael,Clark,054 Daniel Ramp Apt. 608,Brownchester,69581,5706
Derek,Martin,8341 Winters Freeway Apt. 536,Keithchester,44049,2337
Kendra,Jackson,94340 Bradshaw Lodge Apt. 406,Rachelborough,01950,4006
Justin,Barrett,4154 Daniel Terrace,Mcknightland,33775,4857
Brian,Bennett,915 Townsend Radial,North Laura,15893,4537
Carl,Chavez,819 Shaw Place Suite 406,Alanville,51060,4142
Jeremy,Morgan,87658 Robin Plaza Apt. 889,Douglasbury,10251,418
Timothy,Smith,9366 Huerta Walks,Larsenport,08045,9302
Todd,Burke,04146 Garcia Skyway,North Markside,62755,8191
John,Taylor,7843 Sullivan Corner Suite 096,North Benjaminside,73109,1617
Julian,Mcdonald,59780 Lauren Place Apt. 114,Port Cindy,59932,6419
Gary,Gomez,226 Benson Mountain,West Ricky,13317,1922
Andrea,Willis,608 Marsh Cliff Apt. 324,Cochranberg,70728,2741
Kyle,Jones,9969 Gonzales Ports,East Heather,18072,5602
Bradley,Sanders,015 Small Gateway Apt. 413,Simmonsstad,79734,7687
Ernest,Fox,24854 Benson Junction Apt. 200,Arthurberg,46487,1591
Kimberly,Gray,95665 Richard Port,New Annmouth,66255,8612
Douglas,Smith,29610 Jessica Crest Suite 216,East Brittney,38849,8343
Brenda,Blair,492 Casey Circles,Matthewside,51023,4894
Thomas,Parks,9341 Scott Roads Apt. 401,Port Charles,16212,3394
Sarah,Young,09855 Andrea Extension Suite 906,West Lauren,73052,4633
James,Castillo,737 Lee Meadow,Nicholasburgh,86233,3963
William,Black,4977 Williams Fords,Lake Oscarside,29065,2156
Joseph,Shaw,02794 Norman Brooks Apt. 658,Leonardchester,57619,7196
Ann,Herring,92487 Wagner Fork Suite 336,South Benjaminburgh,40514,4935
William,Miller,935 Williams River,Nicholasport,31365,5082
Patrick,Thompson,0939 Tanner Passage Apt. 256,Ericaport,61080,7440
Robert,Williams,75873 Misty Station,North Justinburgh,55181,1528
Sarah,Jackson,211 Richard Summit Apt. 463,New Marthatown,03314,5146
Robert,Hansen,54642 Tyler Haven,Leonfort,62770,5521
Linda,Rodriguez,36145 Heather Walk,North Michaelview,89995,3015
Michael,Grimes,4622 Elaine Turnpike,South Alison,12197,2925
Hector,Schmitt,5019 Joseph Estate,Walterhaven,50826,9223
Edwin,Benjamin,6040 Michael Glen Apt. 802,New Bryce,44756,8497
Cindy,Pierce,9242 Williams Stream,West Justinmouth,95206,4618
Tamara,Flores,994 Dawn Oval,Parkborough,08878,4022
Ashley,Stewart,485 Fitzpatrick Landing,Port Markside,96161,3989
Diane,Williams,44400 Pineda Glen Apt. 408,Lake Kylie,81689,9484
Jennifer,Mclaughlin,3895 Allen Rapid,Lake David,82735,2073
Lindsey,George,417 Wanda Hollow,Debraport,64295,1269
Bruce,Stevens,92489 Baldwin Falls Apt. 009,North Deborah,32046,1990
Tina,Yu,63680 Melinda Knolls Suite 508,Jamesmouth,07634,4612
Holly,Jones,882 Frey Drives,Justinview,11925,9062
Dawn,Howard,988 Shaw Hill Suite 820,Andrewborough,07179,9990
Laura,Johnson,598 Allen Club Suite 653,Christineville,64614,2554
Timothy,Berry,146 James Lakes,Danielberg,82622,9146
Melissa,Mckinney,30030 Fuentes Roads Apt. 155,Nelsonborough,47704,8750
Stephanie,Smith,58711 Alexander Lock,West Brittany,15776,2417
Andrew,Logan,83891 Morris Overpass Suite 122,Leeview,50652,6223
Wesley,Martin,73298 Gonzales Coves,Lake Jasmine,51808,3762
Derek,Kidd,91899 Smith Neck Suite 820,Reynoldsmouth,25015,4619
Jon,King,8859 Harris Fields,Nathanton,44911,3968
Margaret,Robbins,78784 Vanessa Locks Suite 024,New Erin,92162,7723
Kristina,Bowen,365 Patrick Ferry,Stephanieview,53070,3735
Jonathan,Vance,1176 Amber Park Apt. 047,North Sarahstad,44705,636
Steven,Howard,6462 Morris Burgs Apt. 964,Wilsonhaven,49892,2681
Abigail,Smith,3151 Alexandria Spur Apt. 944,Brendafort,65896,6982
David,Love,65448 Gray Common Suite 639,Shermanfort,08941,9779
Wendy,Robinson,7994 Danielle Lane,West Nicholasland,07051,2255
Rachel,Finley,18973 Campos Key,New Laurafort,28079,8706
Charles,Powell,45748 Skinner Shoals,Trevorberg,81316,8269
Diana,Lane,06989 Andrew Lake,East David,45242,2125
Melissa,Conway,493 Jack Avenue Apt. 427,Jordanchester,84799,2264
Alexis,Friedman,3823 Johnson Mountain Apt. 093,Hoffmanhaven,01198,4950
Dakota,Barnes,92927 Stephen Brook Apt. 132,Torresberg,95867,187
Shelly,Ortega,7486 Bianca Knolls Apt. 197,Davishaven,02581,4450
Christopher,Martinez,0392 Mary Neck,Whitneyville,23279,8517
Angel,Harris,082 Boyer Roads,Trevorport,74889,9292
Melissa,Stephens,82726 Hill Ports Suite 528,Port Victoriaborough,06176,5875
Xavier,Brown,335 Arthur Overpass Suite 405,Christianside,77998,8826
Heather,Jarvis,855 Gonzales Court Suite 813,West Margarettown,21922,4512
Brandy,Jenkins,421 Campbell Junction,South Daniel,97695,9251
Rebecca,Stokes,9658 Morris Lakes Suite 996,East Deborahmouth,49606,6407
Kyle,Miller,929 Serrano Brook Apt. 999,Joycestad,58696,9580
Courtney,Mitchell,1120 Ibarra Loaf,Port Sarah,49158,4807
David,Fuller,96411 Daniel Squares,Jefferyborough,28737,7273
Anthony,Gibson,074 Katherine Estates,North Whitney,53756,4649
Anna,Wilson,0942 Brianna Ridge,South Sheila,79352,2315
Jennifer,Oneal,02528 Nicholas Row Suite 652,Port Debbiehaven,46252,4324
Ashlee,Reese,0174 Elizabeth Crossroad Suite 258,New Deborah,77865,2259
Rachel,Tran,275 Vargas Ways Apt. 526,Christopherhaven,34626,4853
Wanda,Wilcox,76748 Mark Lights Suite 476,West Cheryl,97004,5743
Justin,Miller,4231 Joshua Inlet,Rodriguezmouth,18195,6333
Christine,Hogan,2148 Diaz Wells,Lake Shane,20370,4705
Jennifer,Pena,6664 Kim Groves Suite 715,Tracyport,12977,6155
Jill,Burns,7917 Gary Course,North Robert,74588,525
Joseph,Jimenez,529 Anderson Lake,Andresborough,06470,4365
Nicholas,Pena,1094 Watson Vista,Maryside,81844,7060
Devin,Yang,11235 David Street,North David,23952,3600
Eric,Hardy,782 Jackson Bypass,North Olivia,67757,2866
Connor,Calhoun,5419 Warren Summit Apt. 577,Moonton,92031,4919
Kara,Perry,330 Jacobs Villages Suite 175,South Daniel,95187,4726
Derek,Mann,39229 Williams Wells,New Aprilstad,65780,5407
Brenda,Hobbs,4786 Stewart Neck Suite 916,East Davidtown,39521,2587
Debbie,Dawson,44114 Joseph Pike,Jameshaven,66906,9652
Karen,Kelly,9576 William Mount Apt. 304,New Nicholas,44349,7067
Benjamin,Sandoval,28155 Johnson Forks Suite 812,Lisatown,21593,927
Amber,Mcguire,619 Eric Grove,New Jamieview,38983,615
David,Brady,140 Steven Turnpike,East Robertfurt,76679,277
Megan,Smith,0772 Christine Run Suite 349,Christineview,59027,5476
Christopher,Payne,2861 Sullivan Key Suite 535,Davidshire,48746,1583
Peggy,Perry,7285 Hunt Fall Suite 348,Nicolasborough,63129,4089
Amber,Wallace,24479 Orozco Run Apt. 208,New Christie,62831,170
Michelle,Roman,3164 Brown Lake,West Leah,04044,1408
Amy,Brown,2622 Underwood Islands,Johnburgh,25105,9371
Ellen,Williams,589 Doris Pass Apt. 781,Matthewfurt,47890,9843
Allison,Macdonald,2219 Justin Ville Apt. 412,North Shannonland,50853,514
Denise,Macias,6542 Garcia Road Suite 033,Lake Joseph,53754,8136
Michelle,Powers,249 Scott Courts,Port Shanetown,16513,767
Nicole,Walker,776 Miller Mountains Apt. 513,Lake Joseph,01026,5366
Scott,Riddle,1441 Kenneth Streets Apt. 678,Jacobhaven,04730,8717
Daniel,Smith,3918 Larry Port,East Amandaborough,76477,8214
Julia,Fischer,10528 Cortez Spring,Rhondaton,14172,2009
Joseph,Cain,810 Mcdaniel Camp Apt. 264,Huberside,95478,1106
Jerry,Harris,29848 Glover Stream Suite 446,New James,31572,948
Tanya,Phillips,70854 Karen Squares Suite 208,Port Madisontown,42637,4106
Tanya,Brown,478 Jacob Mill Apt. 310,Leeview,03700,1518
Evan,Fleming,8732 Lopez Harbor Suite 783,South Michael,76247,6699
Andrew,Ball,8268 Ashley Drive Suite 828,Petersonbury,20540,1566
Sabrina,Dean,515 Alicia Manor,South Michael,04230,4703
Todd,Ward,3107 Moses Crossroad,Bradleychester,88571,8048
Elizabeth,Reese,644 Anita Brooks,Josephview,61220,7138
Rachel,Williams,1504 Smith Inlet,Cassandrashire,09302,9927
Robert,Meyer,5443 Morris Underpass,South Kenneth,58442,1204
Mikayla,Williams,843 Vaughn Lakes,Meganberg,21299,1811
Heather,Smith,0526 Reynolds Tunnel,Powellview,62093,7324
Tracy,Bowen,341 Megan Rue,Port Davidburgh,28935,6500
Dana,Small,2987 Sandra Plains Suite 764,Bradyport,29808,5707
Tara,Watts,155 Fitzpatrick Groves,East Gregory,37375,9043
Jennifer,Briggs,23990 Beth Motorway,North Lori,87411,8640
Kristina,Moreno,82694 Lee Lodge Suite 148,Port Randyberg,45415,8027
Calvin,Anderson,298 Thomas Neck,North Elizabeth,79164,1801
Kristin,Williams,54499 Valencia Ford Apt. 947,Christyhaven,84165,1954
Ashley,Lewis,42393 Robin Groves,Port Joshua,26889,2407
Samantha,Swanson,63105 Nelson Bypass,Gutierrezhaven,93327,4469
Robert,Page,1308 Melanie Trafficway Suite 609,East Brianaland,07832,7169
Debra,Alvarez,03519 Matthew Road Suite 357,Lake Natalie,36040,6748
Rodney,Newman,56340 King Trail Suite 933,West Gregory,75363,3627
Shane,Acosta,40079 Faulkner Highway Suite 650,South Meganborough,05165,3378
Stephen,Burke,5613 Jeremy Trail,East Brittany,01830,4589
Caleb,Marks,3156 Courtney Parkway,Brandonchester,33356,1867
April,Reynolds,36777 Anna Forge,Salinasstad,75693,8538
Patricia,Gay,087 Bryant Stream,Lake Hannahshire,18247,2842
Michael,Warren,415 Susan Mission,Maysville,71871,7866
Kyle,Mcfarland,933 Suarez Lock,North Darrenville,82850,3134
Kevin,Rice,8289 Justin Plains,New Alexander,28196,5066
Jimmy,Figueroa,018 Dodson Shoals Apt. 370,Hoffmanmouth,51832,2323
Mike,Meadows,53467 Virginia Cliffs,Gardnerhaven,39441,5646
Alexandra,Marshall,284 Zhang Springs,West Ericberg,67950,7707
Kristy,Hamilton,414 Jackson Mews Suite 935,Heatherstad,54564,8442
Matthew,Baker,562 Owen Crest Suite 101,Lake Laurentown,63791,5475
Briana,Briggs,271 Scott Flats,Harrisonbury,17099,6463
Kathy,Cruz,097 Johnston Pass,Barrymouth,15752,7852
Dawn,Carr,4005 Allen Trail,Knappberg,92509,6503
Kristina,Avila,366 Christensen Plaza Suite 992,Marychester,19115,39
Jenna,Mills,1771 Mills Landing,Port Joseph,42806,4335
Leslie,Webster,550 Myers Ridges Suite 398,Lake Nicole,38454,6852
Benjamin,Murphy,108 Alvarez Rue,Ericton,76830,8907
Kyle,Smith,099 Burgess Light Apt. 541,North Gregoryshire,92661,1966
Patricia,Barrett,77625 Davis Forge Apt. 252,New Lauratown,45643,8085
Connor,Dodson,4722 Carter Park Apt. 935,New Cynthia,50422,7412
Margaret,Hartman,40568 Williams Dam,South Mark,49259,8840
Cheryl,Schmidt,7116 Melinda Knoll Apt. 228,Christophershire,67227,5377
Marvin,Bates,0712 David Vista Apt. 235,South Markfurt,66116,8781
Preston,Hamilton,914 Teresa Junctions,Port Alexland,71790,8880
Patrick,Owens,9366 Jordan Extension Suite 174,Watsonland,53340,2649
Teresa,Allen,224 Wyatt Bridge,Port Sylviahaven,13882,6175
Jocelyn,Huerta,016 Alex Estates Suite 674,Smithview,98187,2290
John,Jackson,1189 Andrew View,New Danny,89986,6743
Jason,Zavala,6777 Solomon Lights,Lynchberg,16721,7378
Raymond,King,465 Murphy Village Apt. 717,Andreaport,01366,3912
Michael,Best,4478 Oliver Roads Apt. 685,Sanchezchester,97972,3794
Lisa,Novak,83978 Jessica Mountain,Reynoldsbury,07357,2997
Diana,Smith,026 Vance Points,North Johnview,74662,2090
Mariah,Lucas,91783 Savannah Keys,South Patrick,18972,347
Tiffany,Coleman,3660 Simpson Way,Johnfort,87900,7534
Travis,Reed,2028 Larsen Ports,West James,72994,8714
Devin,Wilson,6602 Roy Manors Suite 812,East Jefferyview,04291,7520
Jonathan,Wade,659 Rivera Flat Apt. 467,Medinafort,15086,6798
Alexander,Johnson,659 Hensley Forest,Christineton,64175,5081
Robert,Goodwin,286 Payne Key,Cochranshire,23048,8140
Lindsey,Gill,381 Ware Shore,Port Brett,82308,1388
Lawrence,Fritz,1537 Jacqueline Forest,Castromouth,79004,8576
Lisa,Rodriguez,8311 Blake Islands Suite 320,North Amychester,51179,9793
Allison,Johnson,7123 Riley Pine,East Jason,08084,5755
Timothy,Campbell,174 Lee Circles,North Codyfurt,81573,581
Vincent,Smith,07032 Angela Prairie,East Sabrina,95770,8870
Erik,Cox,840 Downs Trace,Williamsfurt,85461,8836
Leslie,Torres,37818 Mclaughlin Tunnel,West Gregory,62134,901
Dawn,Robertson,47058 Hannah Corners,South Judychester,28261,3833
Robert,Harrison,950 Miller Mission,Stephensonport,44797,2030
Michael,Castillo,484 Morris Prairie Apt. 947,Willieborough,71175,3265
Julie,Roberts,797 Raymond Park,Lake Coltonchester,75420,9632
Caitlin,Barnes,160 Coleman Fields Suite 444,North Brandiport,16683,2931
Tracy,Curry,944 Mariah Center Apt. 091,Kelleyhaven,06886,266
Stephen,Oneal,70097 Susan Roads Apt. 848,Davidchester,36336,2341
Christopher,Jones,860 Rhonda Lodge Apt. 994,Anthonyhaven,84474,9835
Luke,Campbell,04267 Lori Dam Apt. 453,Michaelstad,94829,9126
Jake,Anderson,10109 Delgado Plains,Lamland,36436,7264
Stephen,Norris,91742 Roger Loop Apt. 424,Meyersview,33101,2475
Daniel,Jackson,3897 Vincent Crest,Zacharyland,69555,579
Jack,Haney,2198 Williamson Fork,South Johnstad,84173,506
Madison,Craig,0760 Campos Mews Apt. 327,Kelliburgh,95487,3613
Dominic,Parker,6167 Ryan Street Apt. 692,New Melissaburgh,25646,7328
Danielle,Flores,8981 Rivers Bypass,South Melissa,77224,1083
Autumn,Burns,02996 James Neck Apt. 144,South Jessicaport,47203,8149
Elizabeth,Moore,06123 Abbott Freeway,Larryview,04984,4319
Gregory,Jones,87190 Kevin Plains,New Autumnburgh,72952,6058
Jerry,Wood,670 Gonzalez Coves,Gutierrezport,68619,1225
Zachary,Scott,79777 Andrew Mountain Apt. 762,South Rebeccaview,79277,6515
Jessica,Robbins,582 Ward Field,Stephanieton,47523,6252
Anthony,Williams,79655 Murphy Trail,East Emilyland,09824,552
Shirley,Stuart,4648 Goodwin Lakes,Dodsonfurt,19290,1849
Dennis,Stanton,01025 Amanda Path,West Susanborough,01561,2956
Anthony,Martin,704 Lucas Square Suite 089,Johnsonville,49716,5213
Candice,Rhodes,5070 Teresa Inlet,Tiffanyhaven,94715,7606
Cristina,Smith,218 Heather Drive Suite 348,Cameronburgh,89803,9426
Theresa,Johnson,19208 Hayes Corners,West Codyshire,87939,7100
Heather,Cooper,225 Steve Brook,Katherinefort,86875,521
Kimberly,Davis,563 Ferguson Ways,North Jennifer,89831,3204
Dustin,Campbell,439 Lewis Island Apt. 720,Elizabethmouth,68084,3948
Joanna,Abbott,08801 Lopez Stravenue Suite 356,South Elizabethhaven,61580,1014
Angela,Davis,935 Ruth Spring Apt. 622,Howardmouth,33346,5044
Deborah,Johnson,183 Parrish Tunnel,Haydenstad,66026,9406
Robert,Kaiser,2125 William Curve,Natashabury,31727,4692
Laura,Greene,9481 Young Trace Suite 145,North Nicholemouth,26290,5947
Hannah,Perez,61301 Jeffery Terrace Suite 656,Port Barbara,47413,8323
Nicole,Williams,996 Teresa Plaza Suite 534,Port Helen,06493,740
Julian,Scott,342 Rodriguez Rue,Alicefort,63055,5450
James,Woods,81777 Brown Land,Maryfurt,13328,5294
Tim,Fowler,116 Marc Haven Apt. 423,Jamiefort,31178,4607
Jody,Mcbride,323 Pace Ports,South Christinaburgh,14116,8494
Stephen,Vaughn,720 Angela Pike,Nicholston,40267,3889
Teresa,Simmons,918 Larry Walks Apt. 931,Masonberg,77680,3125
Lonnie,Jones,4398 Benitez Valleys,Port Melissamouth,47157,5650
Leslie,Sanchez,77624 Robert Square,East Matthew,29296,2442
Miranda,Vaughan,6170 Jamie Freeway Apt. 993,Humphreychester,93669,4494
Robin,Chen,92958 Oconnor Brooks,Brownborough,53983,6758
Mary,Mcknight,124 Krystal Groves Suite 551,Whitneytown,96882,5690
Roberto,Howard,40972 Jennifer Cliff Suite 513,Pearsonbury,56672,7438
Daniel,Long,21207 Phillips Place,Kaitlynville,36883,6785
Jeremy,Duarte,2422 Smith Shoal Apt. 062,Danielside,94004,789
Abigail,Wilson,566 Audrey Hill,Smithton,80795,9184
Sandra,Myers,194 Sarah Path,Millerville,77290,7757
Megan,Gibbs,25123 Diaz Place Apt. 282,Parktown,75646,6214
Erin,Weber,42990 Benjamin Summit,East Carl,01454,5426
Jason,White,60240 Walker Islands,Tamarabury,73117,201
Cynthia,Rhodes,631 Tyler Place,Port Roberthaven,83298,2294
Kristin,Bailey,67056 Smith Tunnel,West Leslie,73186,9375
Brian,Banks,53457 Perkins Ports,Lake Davidtown,86397,6337
Justin,Jordan,1996 Robin Fort Suite 689,Garyport,18092,5157
Randy,Campbell,6094 Jonathan Fork Apt. 524,West Ryan,82579,2461
Margaret,Carter,55579 Paul Parkway,Hansonbury,68881,1598
Dakota,Powell,511 Walker Gateway,Christianhaven,37108,8561
Stacey,Williams,360 Nicole Rue,Rossfort,91653,9875
Anna,Sandoval,1586 Boyle Vista,New Mariaburgh,56797,5567
Cynthia,Lewis,23329 Connor Meadow Suite 807,Lake Jesseport,92367,5869
Joseph,Powell,518 Cohen Drive,Christinaside,98293,6241
Kevin,Johnson,239 Bell Manors,Port Philip,80397,2225
Tyler,Martinez,73321 Dorsey Walks Suite 812,East Michael,06297,8229
Teresa,Henderson,3763 James Streets Apt. 165,Richardhaven,45356,4613
Lisa,Williams,21231 Stephanie Manors Apt. 280,Lake Kevinburgh,66363,9810
Christian,Johnson,6454 Tonya Avenue,Grimesview,21863,2339
Daniel,Reilly,28374 Young Road,Port Ericville,18587,536
Austin,Wells,8359 Snow View Suite 885,New Joshuaport,74922,7019
Andrea,Scott,5036 Stevens Causeway,Moranview,45461,9592
Shane,Reeves,5390 Scott Locks Suite 632,New Samantha,06970,4533
David,Frey,00663 Jennifer Union Apt. 423,Martinezborough,06230,6660
Sheena,Olson,47278 Derrick Burg Apt. 907,New Gerald,69460,7554
Kevin,Jennings,0724 Christina Forest,South Ryan,77289,2657
Danielle,Tucker,73642 Ayers Points,Karlmouth,08795,5669
Andrew,Ward,7296 Frederick View,Stewartchester,69674,1896
Jenna,Estes,5897 Brandon Locks Apt. 340,Jacobsbury,33886,1402
Robert,Frederick,6626 Regina Lodge,Cherylmouth,98961,4249
Lisa,Chavez,4412 Steven Islands,Andreafort,37100,9581
Noah,Preston,07928 Carla Ville Apt. 905,New Michaelshire,25997,6389
Daniel,Hernandez,56455 Bell Run,Port Maria,49040,2920
Steven,Campos,405 Brady Skyway Apt. 517,East Johnmouth,90785,4599
Rebecca,Nixon,79413 French Hill,New Stephanieshire,13411,5625
Ann,Smith,0399 Lori Union Suite 076,East Melissaborough,47167,9854
Maria,Hernandez,8273 Tanya Summit Suite 742,New Randyhaven,23574,7230
Jeffrey,Parker,6637 Alexis Plains,Jonesbury,80519,1742
Kaitlin,Rogers,361 Susan Highway,South Megan,93474,4550
Thomas,Morrison,166 Billy Cliff Suite 896,North Elijahton,18571,3001
Lauren,Ingram,9118 Murphy Highway Apt. 173,Castroburgh,04410,7054
William,Jefferson,9801 James Glen,West Ryan,60219,1935
John,Young,30839 Laura Station,Brookestad,59480,6894
Daniel,Melton,3745 Potter Unions,Reidport,75333,8571
Michael,Elliott,53347 Brittany Garden,New Mckenziebury,99400,5538
Teresa,Castro,04976 Robert Wall,New Deborah,70734,7058
Gabrielle,Harris,297 Denise Tunnel,New Seth,87535,1693
Brian,Miller,4200 Stacy Villages,Port Shelleyville,11428,4293
Katelyn,Figueroa,3066 Lucas Green,Russellport,04840,2565
Darin,Campbell,18266 Veronica Key,East Jamieview,92852,3356
Wyatt,Larsen,250 Williams Rapids,Grahamhaven,05601,2298
Kristy,May,0790 Karen Springs Apt. 927,North Cynthia,80734,994
Alicia,Hanna,19519 Rachel Locks,Justinport,04312,8533
Katherine,Klein,25430 Miranda Ford Apt. 664,Haleborough,14689,1280
Jacqueline,Collins,00840 John Manors Apt. 900,Leestad,99473,4557
Morgan,Carroll,252 Mark Station,Robertsonshire,33815,390
Pamela,Thompson,08655 Sawyer Parkways,East Kathrynville,17528,512
Kathryn,Francis,8511 Carol Falls,New Karen,74224,9476
Bonnie,Cruz,3469 Dean Ranch Suite 484,Devinville,16691,1296
Scott,Barnes,8645 Smith Square,North Dustin,51118,5017
John,Cox,31030 Smith Mount,Mcgeestad,97041,1329
Tiffany,Anderson,36666 Helen Spur,Port Kenneth,77663,1001
Jessica,Diaz,58511 Hunt Unions,Cassandrachester,46309,6120
Juan,Bishop,7850 Rhonda Stream,East Richard,78195,4515
Lisa,Tyler,54235 Mitchell Isle Suite 435,New Peterfort,37728,2286
Amber,Blackburn,276 Angelica Ford Apt. 121,North Johnhaven,08971,5708
Charles,Douglas,75667 Allen Bridge,Suzannemouth,48588,3566
Nicole,Hogan,109 Sharon Islands Apt. 428,Schneiderview,35087,6577
Rachel,Moore,055 Katherine Ridge,North Jamesborough,72594,7906
Michele,Stafford,366 Hodge Drive Suite 816,Zhangbury,28901,6197
Ryan,Ferguson,093 Jeffrey Turnpike,Moonport,35048,6845
Richard,Williams,7252 Thomas Village Apt. 659,Allisonberg,12780,7317
James,Morales,630 Turner Junction,West Michaelshire,09041,1435
Todd,Anderson,32485 Diane Fall Apt. 545,New Michelle,42149,1759
Grant,Morris,4737 Hall Plains Apt. 308,South Amandamouth,46661,9148
Leah,Mcconnell,6386 Carrie River Apt. 177,West Shannon,68373,4987
David,Christensen,917 Green Squares Suite 534,North Kevin,03677,6930
Keith,Bryan,58657 Sanders Light,Port Sharonport,82690,131
Joseph,Thomas,30998 Smith Manor Apt. 923,West April,89327,9006
Aaron,Miller,7286 Jimenez Via,Lake Rhonda,17052,2171
Brian,Cook,939 Bruce Via,Brenthaven,92974,6167
Danny,Barber,462 Nathaniel Mountain Suite 194,Palmerport,32807,4347
Jill,King,8360 Carter Prairie Apt. 810,Kevintown,85243,1259
Amy,Carey,5589 Rodriguez Valley Apt. 936,Lake Phillip,60400,9168
Amanda,Levine,1370 Alexandra Freeway,New Lauren,62938,69
Larry,Bradley,47307 Church Rest,Charlesshire,25127,8134
Nathaniel,Jackson,9458 Angela Trafficway Apt. 405,East Tammy,88642,1368
Eric,Oliver,1384 Eric Parkway,North Mandyberg,29930,8951
Lisa,Rogers,65923 Eric Green,East Alisonland,12064,4163
Alexander,Harvey,70601 Miller Terrace Apt. 650,Valdezview,62608,3697
David,Hampton,6668 Fields Ways Suite 066,North Cody,49360,260
Nicole,Thomas,858 Kenneth Knoll,Boyermouth,11948,7751
Robert,Stokes,750 Wyatt Parkway Suite 455,Donaldberg,55725,8881
Corey,King,25613 Fernandez Lakes,Lake Jessica,94763,5518
James,Davis,8952 Jesse Path,Armstrongmouth,67362,3349
Raymond,Chandler,097 Castillo Throughway Suite 899,North Nicoleville,77798,3171
Robert,Stevens,95624 Miller Shore Suite 765,Thompsonburgh,82475,809
Michelle,King,8771 Scott Route Apt. 607,West Robert,29922,6262
Mark,Barber,921 William Spur Suite 846,Pamfurt,52914,9522
Amy,Torres,517 Arnold Expressway,North Jayside,19931,8692
Lisa,Downs,61764 Taylor Pass Apt. 696,Patriciafort,27470,9365
Jose,Patterson,0843 Hood Flats,Pagemouth,08792,4813
Emily,Baldwin,8194 Wilson Street Apt. 797,North Meganborough,23764,9672
Brandon,Thompson,95574 Kerri Drive,South Moniqueton,05461,7972
Kelly,Hill,21928 Christopher Villages,Michaeltown,96417,955
Thomas,Wood,0279 Cox Turnpike,Lake Andrea,07623,4875
Heidi,Rodriguez,9653 Anthony Mews,West Michaelfort,98017,3626
James,Gonzalez,1330 Snow Street,Port Kellyburgh,24400,460
Nathaniel,Beard,42543 Billy Estates,West Robert,53431,918
Jennifer,White,32028 Anderson Course Apt. 943,Moorehaven,72076,3583
Chad,Brown,886 Tyler Land Suite 450,South Wandafort,32907,8246
Christine,Watson,3078 Wagner Road,Lake Traci,78963,2288
Steven,Andrews,48863 Edwards Causeway,Jenniferberg,60458,8257
Michael,Thomas,76320 Kelsey Parkways,West Robert,58847,7657
Allison,Allen,74500 Marcia Hollow Apt. 906,New Joseph,42945,8811
Bobby,Wright,21202 Rodney Groves Apt. 956,West Amy,18854,5246
Alice,Mckinney,53361 Cox Park Apt. 579,Lake Heatherburgh,36578,9328
Kathleen,Arnold,14787 Derrick Ville Suite 520,South Grace,44036,6808
Martha,Foster,26066 Lewis Roads Suite 459,Lisaview,67374,2418
Emily,Harris,79290 Noah Tunnel Suite 964,Hensontown,05657,3756
Mark,Randolph,78127 John Way Apt. 587,Kentburgh,79448,5704
Michael,Arnold,97015 Smith Light,Singhstad,09958,4586
Jamie,Griffin,577 Thomas Oval,West Samanthaville,88126,9905
Nicole,Campbell,4341 Linda Run,Lawrencemouth,99401,5575
Douglas,Tate,8957 Foster Pike Apt. 153,Vincentfort,02413,9952
Timothy,Murray,573 Thomas Dale Suite 285,Sabrinaport,02425,7903
Joshua,Jenkins,3282 Michelle Roads,Brittanyport,14815,1311
Michael,Johns,81954 Rodriguez Lane Suite 498,Watkinsmouth,92738,6027
Susan,Miller,1260 Kathy Brooks,East Lisaberg,52332,1735
Jonathon,Day,402 Moody Parkway,Rodriguezshire,96430,7108
Lisa,Dorsey,05146 Mark Squares Apt. 486,Jasonberg,27866,1333
Monica,Jones,898 Miranda Lane,Saundersfurt,26861,6326
Kyle,Clark,6224 Jenkins Meadows,Port Jamesport,65366,3719
Denise,Bryant,3184 Kristine Court Suite 125,West Caitlin,19512,7867
Terrence,Vaughn,93515 Brown Street,Meghanstad,09826,8616
Matthew,Jennings,34454 Javier Mills Apt. 127,Gabriellachester,47135,3440
Nicole,Miller,2117 Cody Crossing,Stephentown,48970,5941
Donald,Douglas,24838 Debra Fords Apt. 146,North Chase,42429,986
Jacob,Jackson,3326 Zachary Alley Suite 182,Rogertown,57990,8072
Laura,Hancock,40882 Johnson Ford,West Crystal,48144,3519
Ryan,Copeland,014 Lisa Walks,Rogersbury,67836,1338
Susan,Chavez,928 Misty Points Suite 352,North Robertville,13630,7670
Lawrence,Montgomery,64386 Wilson Track Suite 533,North Lauren,37622,2230
Richard,Cisneros,2746 Jenkins Ridges Apt. 609,Morrisborough,74174,6316
Felicia,King,723 Rachel Stravenue,Rodriguezshire,20579,958
David,Cline,97021 Guzman Field,Harrisburgh,28136,3560
Richard,Lucero,83307 Latasha Creek Suite 091,Webbmouth,04967,4376
Toni,Morrison,667 Ariana Trafficway,Port Stephenmouth,94316,2790
Melissa,Caldwell,4881 Anthony Square,New Marioside,86645,4369
Kristina,Carr,30002 Campbell Ramp,Fischerstad,95657,3019
Emily,Smith,0241 Pruitt Rest Apt. 909,Hayesville,83076,4418
Tammy,Mack,071 Jason Station,Lewisberg,87851,7922
Eileen,Rice,9698 Susan Gateway,Wrighthaven,68263,9056
Casey,Mills,5193 Peter Tunnel Apt. 139,Taylorbury,62223,4112
Paul,White,345 Sandoval Shoal Apt. 699,Barrview,16006,6004
Raymond,Stevens,281 Wright Springs,Christinachester,69386,8588
Kristin,Santiago,294 Jennifer Manor Suite 781,Wolfton,62397,5896
Morgan,Mullins,6792 Rubio Motorway,Andersonside,64897,6148
Brett,Wood,78826 Baker Hills Apt. 165,Connerland,25309,5789
Marilyn,Smith,05157 Patricia Lake,New Davidchester,40278,899
Brian,Jones,84477 Durham Isle,Laurenside,51034,4148
Christopher,Wise,27594 Tonya Rue,Laurenside,88376,9096
Christopher,Osborn,954 Joshua Park,North Daniel,99066,1556
Jamie,Young,7507 Geoffrey Harbors Suite 888,Joshuaborough,21861,4995
Caleb,Perry,6298 Ruben Shoal,New Evanfurt,14301,8360
Pamela,Cain,538 Dean Throughway Suite 987,East Heidi,35945,5327
Zachary,Cabrera,85820 Lynn Trail,Welchbury,39167,2584
Jane,Esparza,7227 Lawrence Heights,West Jasonview,89116,4708
Brandy,Hall,87405 Timothy Circle Suite 211,Wileyhaven,68678,4062
Christine,Lara,2281 Lee Road,Ramosport,78132,4038
Nancy,Rubio,3592 Davis Shoals Apt. 557,South Kristen,53506,5480
Timothy,Taylor,0136 Martin Parkway Apt. 709,Cynthiashire,96185,684
Austin,Rivers,00854 Payne Plain,Brittanyport,76904,3030
Brenda,Davis,0155 Wheeler Views,Kathleenside,98997,8385
Leah,Moore,8865 Reed Dam Suite 778,Port William,20832,8103
Gina,Jones,28995 Amy Bypass Suite 446,Smithshire,26635,4340
Larry,Jordan,7937 Rebecca Rest,Port Josephchester,11474,9072
Penny,Hall,8222 Barker Port Suite 723,Ramireztown,64826,9928
Larry,Wilson,7101 Vargas Camp Suite 193,West Bryanberg,50069,7768
Misty,Smith,03847 Paul Lights Apt. 774,Paulburgh,81095,1206
Barbara,Campbell,818 Collins Motorway,Hardintown,20651,3683
Matthew,Romero,92869 Kelly Mission,Chrisfort,14322,8001
Vanessa,Waters,939 David Springs,Kellyton,93590,752
